,wl,o2_10,o2_11,o2_12,o2_13,o2_14,o2_15,o2_16,o2_17,o2_18,o2_19,o2_20,o2_21,o2_22,o2_23,o2_24,o2_25,o3_10,o3_11,o3_12,o3_13,o3_14,o3_15,o3_16,o3_17,o3_18,o3_19,o3_20,o3_21,o3_22,o3_23,o3_24,o3_25,h2o_10,h2o_11,h2o_12,h2o_13,h2o_14,h2o_15,h2o_16,h2o_17,h2o_18,h2o_19,h2o_20,h2o_21,h2o_22,h2o_23,h2o_24,h2o_25,no2_10,no2_11,no2_12,no2_13,no2_14,no2_15,no2_16,no2_17,no2_18,no2_19,no2_20,no2_21,no2_22,no2_23,no2_24,no2_25
67,317.0,1.0,1.0,1.0,1.0,1.0,1.0,1.0,1.0,1.0,1.0,1.0,1.0,1.0,1.0,1.0,1.0,0.7642026898387562,0.7439254288534832,0.7241862413477791,0.7049707733243274,0.6862650882393745,0.6680558439865812,0.6503298924885024,0.6330741161739644,0.6162761227646549,0.5999239482599606,0.5840402885538057,0.5685097434687236,0.5534249742526862,0.5387405317473186,0.5244457142880065,0.5105300785453111,1.0,1.0,1.0,1.0,1.0,1.0,1.0,1.0,1.0,1.0,1.0,1.0,1.0,1.0,1.0,1.0,0.9988108,0.9986919,0.9985731,0.9984543,0.9983354999999999,0.9982167,0.9980979,0.9979792,0.9978604999999999,0.9977418,0.9976233,0.9975040999999999,0.9973856,0.9972669,0.9971482,0.9970296000000001
68,318.0,1.0,1.0,1.0,1.0,1.0,1.0,1.0,1.0,1.0,1.0,1.0,1.0,1.0,1.0,1.0,1.0,0.7848114485632722,0.7660231114272991,0.7476846939054519,0.7297849586878189,0.7123140072448537,0.6952612425091939,0.6786168485218349,0.6623706589965654,0.6465135118718154,0.6310360314300092,0.6159618539587256,0.6011837267256632,0.5867913689612996,0.5727436501018108,0.5590322069365391,0.5456490166499521,1.0,1.0,1.0,1.0,1.0,1.0,1.0,1.0,1.0,1.0,1.0,1.0,1.0,1.0,1.0,1.0,0.998693,0.9985623,0.9984316999999999,0.9983011999999999,0.9981706,0.9980401,0.9979094999999999,0.9977790999999999,0.9976485999999999,0.997518,0.9973879000000001,0.9972572000000001,0.9971268,0.9969963,0.996866,0.9967355999999999
69,319.0,1.0,1.0,1.0,1.0,1.0,1.0,1.0,1.0,1.0,1.0,1.0,1.0,1.0,1.0,1.0,1.0,0.8496403005193517,0.8359083502204546,0.8223980874043857,0.8091064057983528,0.7960294124718112,0.7831640028973688,0.7705062285100271,0.7580532602358432,0.7458013910724933,0.7337475119114514,0.7219145401483503,0.7102213459944328,0.6987426343662559,0.6874493875156056,0.6763386590807221,0.665407614060035,1.0,1.0,1.0,1.0,1.0,1.0,1.0,1.0,1.0,1.0,1.0,1.0,1.0,1.0,1.0,1.0,0.9987643,0.9986406999999999,0.9985174000000001,0.9983939000000001,0.9982704,0.9981469999999999,0.9980235999999999,0.9979002,0.9977769000000001,0.9976533999999999,0.9975304,0.9974068000000001,0.9972834999999999,0.9971601000000001,0.9970369000000001,0.9969136000000001
70,320.0,1.0,1.0,1.0,1.0,1.0,1.0,1.0,1.0,1.0,1.0,1.0,1.0,1.0,1.0,1.0,1.0,0.7972803890909145,0.7794212112380683,0.7619619841604675,0.7448938692771631,0.7282081046590884,0.7118961106319641,0.6959495402766999,0.6803600828881845,0.6651199364199236,0.6502210878607559,0.6356877569444117,0.6214171035927171,0.6074973884165554,0.5938892585480289,0.580586161804191,0.5675808588087343,1.0,1.0,1.0,1.0,1.0,1.0,1.0,1.0,1.0,1.0,1.0,1.0,1.0,1.0,1.0,1.0,0.9986355,0.998499,0.9983628000000001,0.9982264999999999,0.9980901,0.9979539000000001,0.9978176,0.9976814,0.9975451999999999,0.9974089,0.9972731,0.9971367,0.9970005,0.9968643,0.9967282,0.9965921
71,321.0,1.0,1.0,1.0,1.0,1.0,1.0,1.0,1.0,1.0,1.0,1.0,1.0,1.0,1.0,1.0,1.0,0.8918300673555659,0.8816785835675554,0.8716427035290875,0.8617210813279895,0.8519124596908149,0.8422153960964835,0.8326286347560286,0.8231511843761331,0.8137813999014669,0.8045184215950385,0.7953809224499216,0.7863074795977059,0.7773571731733402,0.7685088030501768,0.7597609984999709,0.7511128795852701,1.0,1.0,1.0,1.0,1.0,1.0,1.0,1.0,1.0,1.0,1.0,1.0,1.0,1.0,1.0,1.0,0.9986851000000001,0.9985538,0.9984224,0.998291,0.9981595999999999,0.9980283000000001,0.9978971,0.9977658000000001,0.9976345,0.9975031999999999,0.9973723,0.9972408000000001,0.9971095999999999,0.9969783000000001,0.9968473,0.9967161
72,322.0,1.0,1.0,1.0,1.0,1.0,1.0,1.0,1.0,1.0,1.0,1.0,1.0,1.0,1.0,1.0,1.0,0.8447005180965282,0.8305639289498177,0.8166638253510394,0.8029965113163081,0.7895577288370312,0.7763440235281149,0.7633513456199317,0.7505759595558869,0.7380146713933293,0.7256635056478752,0.7135456258942496,0.7015777348460354,0.6898364226441605,0.6782915299967036,0.6669398599540779,0.655778083418699,1.0,1.0,1.0,1.0,1.0,1.0,1.0,1.0,1.0,1.0,1.0,1.0,1.0,1.0,1.0,1.0,0.9986363000000001,0.9984999,0.9983638000000001,0.9982274999999999,0.9980913,0.9979549999999999,0.9978189000000001,0.9976828999999999,0.9975466999999999,0.9974105,0.9972747,0.9971384,0.9970023000000001,0.9968662,0.9967302,0.9965943000000002
73,323.0,1.0,1.0,1.0,1.0,1.0,1.0,1.0,1.0,1.0,1.0,1.0,1.0,1.0,1.0,1.0,1.0,0.8836748427981578,0.8728141305880694,0.8620868309303898,0.8514914722562166,0.8410262206578626,0.8306896632243185,0.8204801039839742,0.8103960099768622,0.8004359516869842,0.7905981389005875,0.7809026890845129,0.7712840480976396,0.7618045153814353,0.7524417215043362,0.7431939022630497,0.7340596306911216,1.0,1.0,1.0,1.0,1.0,1.0,1.0,1.0,1.0,1.0,1.0,1.0,1.0,1.0,1.0,1.0,0.9985569999999999,0.9984128000000001,0.9982687,0.9981245000000001,0.9979803,0.9978363000000001,0.9976921999999999,0.9975480999999999,0.9974040999999999,0.99726,0.9971163000000001,0.996972,0.9968283000000001,0.9966841000000001,0.9965402,0.9963963
74,324.0,1.0,1.0,1.0,1.0,1.0,1.0,1.0,1.0,1.0,1.0,1.0,1.0,1.0,1.0,1.0,1.0,0.9372280820868396,0.9311718804067579,0.9251549576273692,0.9191766307854202,0.9132370006947604,0.9073357088500256,0.9014725448190326,0.8956474330779127,0.8898599886053208,0.8841096372513582,0.8784092565996011,0.872720532940607,0.8670812482546326,0.8614782525820514,0.8559113835538548,0.8503806449353397,1.0,1.0,1.0,1.0,1.0,1.0,1.0,1.0,1.0,1.0,1.0,1.0,1.0,1.0,1.0,1.0,0.9986010000000001,0.9984610999999999,0.9983213,0.9981815999999999,0.9980418,0.9979021999999999,0.9977625,0.9976228000000001,0.9974831000000001,0.9973434999999999,0.9972042,0.9970642,0.9969247999999999,0.996785,0.9966457000000001,0.9965061
75,325.0,1.0,1.0,1.0,1.0,1.0,1.0,1.0,1.0,1.0,1.0,1.0,1.0,1.0,1.0,1.0,1.0,0.8879279504847368,0.877436173281727,0.8670683592736433,0.8568231254489496,0.8466986667436304,0.8366940768092713,0.8268075692007271,0.8170378636905536,0.8073837100166696,0.7978436363030981,0.7884368770139298,0.7791003405361401,0.7698942938250992,0.7607972125038334,0.7518075121164058,0.7429241658411163,1.0,1.0,1.0,1.0,1.0,1.0,1.0,1.0,1.0,1.0,1.0,1.0,1.0,1.0,1.0,1.0,0.9984799999999999,0.9983280000000001,0.9981761999999998,0.9980243000000001,0.9978726000000001,0.9977207,0.997569,0.9974173000000001,0.9972655999999999,0.9971138,0.9969625,0.9968104999999999,0.9966589,0.9965072,0.9963556999999998,0.9962040999999999
76,326.0,1.0,1.0,1.0,1.0,1.0,1.0,1.0,1.0,1.0,1.0,1.0,1.0,1.0,1.0,1.0,1.0,0.9413654389204126,0.9356946516436774,0.9300577970980226,0.9244550586392064,0.9188859638995652,0.9133505371739876,0.9078482852646036,0.9023793238215724,0.8969431875636894,0.8915398514604226,0.8861808312815009,0.8808306961199858,0.8755244553160157,0.8702500563750581,0.8650076638770375,0.8597966778474543,1.0,1.0,1.0,1.0,1.0,1.0,1.0,1.0,1.0,1.0,1.0,1.0,1.0,1.0,1.0,1.0,0.9984555,0.9983011,0.9981469999999999,0.9979927,0.9978384,0.9976841999999999,0.9975299999999999,0.9973758,0.9972218,0.9970675999999999,0.9969138000000001,0.9967591999999998,0.9966054,0.9964513,0.9962972999999999,0.9961433000000001
77,327.0,1.0,1.0,1.0,1.0,1.0,1.0,1.0,1.0,1.0,1.0,1.0,1.0,1.0,1.0,1.0,1.0,0.9528963966706944,0.9483098267053992,0.9437452812495492,0.9392027705254316,0.9346821043280826,0.93018329979728,0.9257060602397004,0.921250295400752,0.9168161155276129,0.9124031382495071,0.9080211324655064,0.9036409267974188,0.8992915733329266,0.8949629714969743,0.8906552339037068,0.8863682382153923,1.0,1.0,1.0,1.0,1.0,1.0,1.0,1.0,1.0,1.0,1.0,1.0,1.0,1.0,1.0,1.0,0.9984544,0.9983,0.9981456,0.9979912000000001,0.9978368000000001,0.9976825,0.9975282,0.9973738999999999,0.9972196,0.9970654,0.9969116,0.9967572,0.9966028,0.9964485999999999,0.9962946,0.9961405000000001
78,328.0,1.0,1.0,1.0,1.0,1.0,1.0,1.0,1.0,1.0,1.0,1.0,1.0,1.0,1.0,1.0,1.0,0.9153732146225094,0.9073149650267268,0.8993275740142505,0.8914104384213948,0.8835629117766299,0.8757847170868415,0.8680747851964381,0.8604328484631282,0.8528581523680653,0.8453500834815806,0.8379245507518621,0.8305317349313474,0.8232202530161811,0.8159731674042097,0.8087899712413964,0.8016697690394807,1.0,1.0,1.0,1.0,1.0,1.0,1.0,1.0,1.0,1.0,1.0,1.0,1.0,1.0,1.0,1.0,0.9983813,0.9982194,0.9980578000000001,0.9978961,0.9977345,0.9975729,0.9974113000000001,0.9972496999999999,0.9970882,0.9969264999999999,0.9967654,0.9966037,0.9964421999999998,0.9962808000000001,0.9961193000000002,0.9959581000000001
79,329.0,1.0,1.0,1.0,1.0,1.0,1.0,1.0,1.0,1.0,1.0,1.0,1.0,1.0,1.0,1.0,1.0,0.9730520353352614,0.97039750061584,0.9677501319547784,0.9651100276227732,0.9624771873691114,0.9598515257464736,0.9572330392264492,0.9546216264510424,0.9520172996791112,0.949420158351828,0.9468358453442892,0.9442470557590648,0.9416710965012152,0.9391023308683858,0.9365403791286404,0.9339854336681086,1.0,1.0,1.0,1.0,1.0,1.0,1.0,1.0,1.0,1.0,1.0,1.0,1.0,1.0,1.0,1.0,0.9983908000000001,0.9982299000000001,0.9980691999999999,0.9979084999999999,0.9977476999999999,0.9975871,0.9974265,0.9972658000000001,0.9971051999999999,0.9969446,0.9967844000000001,0.9966235999999999,0.9964630999999999,0.9963025,0.9961421,0.9959816999999999
80,330.0,1.0,1.0,1.0,1.0,1.0,1.0,1.0,1.0,1.0,1.0,1.0,1.0,1.0,1.0,1.0,1.0,0.9771594393603164,0.9749042514682511,0.97265420476649,0.9704095950353088,0.9681700266330712,0.9659356058369236,0.963706235700694,0.9614822126538344,0.95926334225425,0.9570493304900544,0.9548454120522344,0.952637095156262,0.9504384664385114,0.9482449087938084,0.9460565259150328,0.9438731146333836,1.0,1.0,1.0,1.0,1.0,1.0,1.0,1.0,1.0,1.0,1.0,1.0,1.0,1.0,1.0,1.0,0.9982810999999999,0.9981093000000001,0.9979377,0.9977659999999999,0.9975943000000002,0.9974226999999999,0.9972511999999999,0.9970796000000001,0.996908,0.9967365,0.9965654,0.9963936999999999,0.9962222,0.9960508,0.9958795,0.9957082
81,331.0,1.0,1.0,1.0,1.0,1.0,1.0,1.0,1.0,1.0,1.0,1.0,1.0,1.0,1.0,1.0,1.0,0.944265503351456,0.9388658218261,0.9334971191196408,0.92815891119005,0.9228514923176246,0.9175743062103776,0.912327161771288,0.907110157179728,0.9019229243527124,0.8967655489183303,0.8916486754021371,0.8865386473771719,0.8814690205231782,0.8764286166006318,0.8714167845852989,0.8664336153072026,1.0,1.0,1.0,1.0,1.0,1.0,1.0,1.0,1.0,1.0,1.0,1.0,1.0,1.0,1.0,1.0,0.9983421999999998,0.9981764999999999,0.9980109,0.9978454,0.9976796999999998,0.9975142,0.9973488000000001,0.9971833000000001,0.9970179,0.9968523000000001,0.9966874,0.9965216999999998,0.9963564,0.9961909999999999,0.9960258,0.9958606
82,332.0,1.0,1.0,1.0,1.0,1.0,1.0,1.0,1.0,1.0,1.0,1.0,1.0,1.0,1.0,1.0,1.0,0.9801357027864968,0.9781710740683524,0.976210499672894,0.9742537766282142,0.9723008143747413,0.9703520080618012,0.968407064721174,0.9664659835135884,0.964528766377484,0.9625953186866608,0.9606702662199884,0.958740527786631,0.9568187997696741,0.9549008327274234,0.952986851222051,0.9510766526562038,1.0,1.0,1.0,1.0,1.0,1.0,1.0,1.0,1.0,1.0,1.0,1.0,1.0,1.0,1.0,1.0,0.9983288,0.9981618,0.9979949,0.9978279,0.9976610999999999,0.9974941999999999,0.9973274,0.9971606,0.9969938,0.9968271000000001,0.9966607,0.9964936,0.9963271,0.9961603000000001,0.9959937,0.9958271999999999
83,333.0,1.0,1.0,1.0,1.0,1.0,1.0,1.0,1.0,1.0,1.0,1.0,1.0,1.0,1.0,1.0,1.0,0.98283059413327,0.9811298421329624,0.9794321029733144,0.9777373767879268,0.9760456606277376,0.9743565746748932,0.972670795737986,0.970987543812608,0.9693075122436522,0.9676301066641688,0.9659594665710216,0.964284383562139,0.9626158732939512,0.9609502836459156,0.9592872415763822,0.957627524961008,1.0,1.0,1.0,1.0,1.0,1.0,1.0,1.0,1.0,1.0,1.0,1.0,1.0,1.0,1.0,1.0,0.9979495,0.9977447,0.99754,0.9973353000000001,0.9971304,0.9969261,0.9967212999999999,0.9965168,0.9963122,0.9961076999999999,0.9959039000000001,0.9956988999999999,0.9954947000000001,0.9952902,0.9950860999999999,0.9948816999999999
84,334.0,1.0,1.0,1.0,1.0,1.0,1.0,1.0,1.0,1.0,1.0,1.0,1.0,1.0,1.0,1.0,1.0,0.9700745751492434,0.9671316924477744,0.9641978137977274,0.9612726402040432,0.9583565729902992,0.9554493286368728,0.9525509947247908,0.9496610979161793,0.946780220386504,0.9439080809886744,0.9410508299768028,0.9381898312950612,0.9353437246817664,0.9325062694436084,0.9296772833710012,0.9268571522692668,1.0,1.0,1.0,1.0,1.0,1.0,1.0,1.0,1.0,1.0,1.0,1.0,1.0,1.0,1.0,1.0,0.9982681999999999,0.9980952,0.9979223,0.9977494,0.9975764000000001,0.9974036000000001,0.9972306000000001,0.9970578999999999,0.996885,0.9967121999999999,0.9965398999999999,0.9963668,0.9961940999999999,0.9960214,0.9958488999999999,0.9956763000000001
85,335.0,1.0,1.0,1.0,1.0,1.0,1.0,1.0,1.0,1.0,1.0,1.0,1.0,1.0,1.0,1.0,1.0,0.9895291698361538,0.9884881152188614,0.9874481617479758,0.9864094054938229,0.9853714527743332,0.9843349991826208,0.9832994464512864,0.9822648022236544,0.9812314602592253,0.9801991179087882,0.979170301599906,0.9781378554853921,0.977108732116448,0.9760809161019982,0.9750540138534671,0.9740280163926536,1.0,1.0,1.0,1.0,1.0,1.0,1.0,1.0,1.0,1.0,1.0,1.0,1.0,1.0,1.0,1.0,0.9980584000000001,0.9978644,0.9976706,0.9974765999999999,0.9972829,0.9970889999999999,0.9968950999999999,0.9967016,0.996508,0.9963141999999999,0.9961209999999999,0.995927,0.9957334000000001,0.9955398000000001,0.9953465,0.9951530999999999
86,336.0,1.0,1.0,1.0,1.0,1.0,1.0,1.0,1.0,1.0,1.0,1.0,1.0,1.0,1.0,1.0,1.0,0.9930781444045086,0.9923885723973924,0.991699548531849,0.9910109721772672,0.9903227423525272,0.98963506375414,0.988947931765326,0.9882613498078436,0.9875752168136503,0.9868894339958912,0.9862056118216048,0.9855193205895352,0.9848350881730656,0.9841511084723852,0.9834678792759742,0.9827851028657338,1.0,1.0,1.0,1.0,1.0,1.0,1.0,1.0,1.0,1.0,1.0,1.0,1.0,1.0,1.0,1.0,0.9981572,0.9979731,0.9977891,0.9976050999999999,0.9974209999999999,0.9972371999999999,0.9970532,0.9968693000000001,0.9966853999999999,0.9965016,0.9963181999999999,0.9961341999999999,0.9959504000000001,0.9957668,0.9955831,0.9953995000000001
87,337.0,1.0,1.0,1.0,1.0,1.0,1.0,1.0,1.0,1.0,1.0,1.0,1.0,1.0,1.0,1.0,1.0,0.9801945141214704,0.9782358476290876,0.9762808515560172,0.9743297199645,0.9723827552773034,0.9704392721115528,0.9685000551177066,0.9665645198102868,0.9646330601851778,0.9627051836644326,0.9607856226229634,0.9588613911288298,0.956945074439755,0.9550326477031102,0.9531241178518752,0.9512193823098484,1.0,1.0,1.0,1.0,1.0,1.0,1.0,1.0,1.0,1.0,1.0,1.0,1.0,1.0,1.0,1.0,0.9980972,0.997907,0.9977171,0.9975271000000001,0.997337,0.9971473,0.9969573,0.9967674999999999,0.9965776,0.9963878,0.9961984,0.9960084000000001,0.9958187,0.9956290000000001,0.9954394,0.9952498
88,338.0,1.0,1.0,1.0,1.0,1.0,1.0,1.0,1.0,1.0,1.0,1.0,1.0,1.0,1.0,1.0,1.0,0.9899001910901918,0.9888958172989294,0.9878924804074238,0.9868899771696272,0.9858888090285154,0.9848885813773344,0.9838892875571864,0.9828910346582014,0.98189361955943,0.9808975387167032,0.9799044240678396,0.978908110120168,0.9779148609364772,0.9769227470729022,0.9759314814390728,0.9749413541895526,1.0,1.0,1.0,1.0,1.0,1.0,1.0,1.0,1.0,1.0,1.0,1.0,1.0,1.0,1.0,1.0,0.9981674,0.9979843,0.9978014000000001,0.9976184000000001,0.9974353000000001,0.9972525,0.9970694999999999,0.9968867,0.9967039000000001,0.9965208000000001,0.9963386999999999,0.9961554,0.9959728999999999,0.9957901,0.9956075999999999,0.9954249
89,339.0,1.0,1.0,1.0,1.0,1.0,1.0,1.0,1.0,1.0,1.0,1.0,1.0,1.0,1.0,1.0,1.0,0.9954032785215924,0.9949449149509458,0.9944864470396804,0.9940283747976596,0.9935704972163532,0.9931128163624392,0.9926554307931768,0.9921982417535204,0.9917410495321156,0.9912842534883676,0.9908288637856241,0.9903713519563088,0.9899149484235632,0.9894591418485992,0.9890034318654954,0.9885477202792168,1.0,1.0,1.0,1.0,1.0,1.0,1.0,1.0,1.0,1.0,1.0,1.0,1.0,1.0,1.0,1.0,0.9977546,0.9975301999999999,0.9973061,0.997082,0.9968578000000001,0.9966338,0.9964097,0.9961857,0.9959619000000001,0.9957379999999999,0.9955146,0.9952903000000001,0.9950667999999999,0.9948431000000001,0.9946193999999999,0.9943959000000001
90,340.0,1.0,1.0,1.0,1.0,1.0,1.0,1.0,1.0,1.0,1.0,1.0,1.0,1.0,1.0,1.0,1.0,0.9883658095969016,0.9872098199585388,0.9860551331818248,0.9849019480031088,0.9837500677059616,0.9825993949081266,0.9814502265524282,0.980302364511194,0.979155813822978,0.9780105694104444,0.9768694579341332,0.9757244154723462,0.9745832068542566,0.9734433104159136,0.9723048331061332,0.9711676672956796,1.0,1.0,1.0,1.0,1.0,1.0,1.0,1.0,1.0,1.0,1.0,1.0,1.0,1.0,1.0,1.0,0.9978261999999999,0.9976091,0.9973921,0.997175,0.996958,0.9967412,0.9965243,0.9963074000000001,0.9960906999999999,0.9958739,0.9956575999999999,0.9954405000000001,0.9952238999999999,0.9950073,0.9947908999999999,0.9945744000000001
91,341.0,1.0,1.0,1.0,1.0,1.0,1.0,1.0,1.0,1.0,1.0,1.0,1.0,1.0,1.0,1.0,1.0,0.9951126522233182,0.9946252227038712,0.9941380445911452,0.9936510178909898,0.9931644425764,0.9926779202438504,0.9921916490619044,0.9917057320150248,0.9912199660954764,0.9907343540667548,0.9902502079412184,0.9897640908889368,0.98927924135369,0.9887947427675632,0.9883104007820904,0.987826413570616,1.0,1.0,1.0,1.0,1.0,1.0,1.0,1.0,1.0,1.0,1.0,1.0,1.0,1.0,1.0,1.0,0.9974325999999999,0.9971761999999998,0.9969199000000001,0.9966636999999999,0.9964074,0.9961514000000001,0.9958953000000001,0.9956394000000001,0.9953834,0.9951276,0.9948725,0.9946161,0.9943605999999999,0.9941048000000001,0.9938493,0.9935938
92,342.0,1.0,1.0,1.0,1.0,1.0,1.0,1.0,1.0,1.0,1.0,1.0,1.0,1.0,1.0,1.0,1.0,0.9977416805883405,0.9975161764986142,0.9972906485738232,0.9970651972212958,0.9968399223246704,0.9966145240783,0.9963892023802398,0.9961640577637844,0.9959387896988308,0.9957136985024836,0.9954892915546212,0.9952636489938448,0.9950386895290926,0.9948137070698024,0.994588802328964,0.9943639754388428,1.0,1.0,1.0,1.0,1.0,1.0,1.0,1.0,1.0,1.0,1.0,1.0,1.0,1.0,1.0,1.0,0.997246,0.9969709999999999,0.9966961,0.9964213,0.9961464,0.9958718000000001,0.9955972,0.9953226000000001,0.9950482,0.9947736999999999,0.9945001,0.9942253000000001,0.9939511000000001,0.993677,0.993403,0.9931290999999999
93,343.0,1.0,1.0,1.0,1.0,1.0,1.0,1.0,1.0,1.0,1.0,1.0,1.0,1.0,1.0,1.0,1.0,0.9969547578636918,0.9966507085849664,0.9963466937744204,0.996042913563704,0.9957391673763872,0.9954355570278234,0.9951319805086376,0.9948284387943346,0.9945252329398921,0.9942218617706008,0.9939192327303444,0.9936156262418209,0.9933126629617748,0.9930097340231118,0.9927067416386326,0.9924041856472244,1.0,1.0,1.0,1.0,1.0,1.0,1.0,1.0,1.0,1.0,1.0,1.0,1.0,1.0,1.0,1.0,0.9972605999999999,0.9969870000000001,0.9967136000000001,0.9964402,0.9961668,0.9958937,0.9956205,0.9953474,0.9950743000000001,0.9948014000000001,0.9945290999999999,0.9942556999999999,0.9939831,0.9937103999999999,0.9934379999999999,0.9931654000000001
94,344.0,1.0,1.0,1.0,1.0,1.0,1.0,1.0,1.0,1.0,1.0,1.0,1.0,1.0,1.0,1.0,1.0,0.9902450726905764,0.9892747042312188,0.9883055736133504,0.9873371812888978,0.986369729020232,0.9854033183653911,0.9844377495917916,0.98347332356683,0.9825096426974459,0.9815470043270106,0.9805874403579704,0.9796243729554646,0.9786646781625634,0.9777058325657636,0.9767477411792193,0.9757907987184916,1.0,1.0,1.0,1.0,1.0,1.0,1.0,1.0,1.0,1.0,1.0,1.0,1.0,1.0,1.0,1.0,0.9970756,0.9967836999999999,0.9964917999999999,0.9962,0.9959083000000001,0.9956166999999999,0.9953252,0.9950336999999999,0.9947424000000001,0.994451,0.9941605,0.9938688,0.9935777,0.9932867,0.9929959999999999,0.9927052
95,345.0,1.0,1.0,1.0,1.0,1.0,1.0,1.0,1.0,1.0,1.0,1.0,1.0,1.0,1.0,1.0,1.0,0.9970760873096636,0.99678430725894,0.9964924682879904,0.9962005698492904,0.9959090122894264,0.9956174966763464,0.9953259219291559,0.9950345884921368,0.9947432970706452,0.9944520467595824,0.994161545554977,0.9938696726871294,0.993578749207228,0.9932878672608051,0.9929970282919252,0.9927063317313132,1.0,1.0,1.0,1.0,1.0,1.0,1.0,1.0,1.0,1.0,1.0,1.0,1.0,1.0,1.0,1.0,0.9972595999999999,0.9969858,0.9967123,0.9964389000000001,0.9961653,0.995892,0.9956188,0.9953455,0.9950724,0.9947993,0.9945269,0.9942536,0.9939808000000001,0.993708,0.9934354,0.9931628
96,346.0,1.0,1.0,1.0,1.0,1.0,1.0,1.0,1.0,1.0,1.0,1.0,1.0,1.0,1.0,1.0,1.0,0.9983672889115608,0.9982042056907032,0.9980412390058558,0.9978779878641254,0.9977149532663382,0.9975521358227314,0.9973890339425588,0.9972260481491269,0.9970630794435352,0.9969002269207544,0.9967377957333818,0.9965744726930074,0.9964116703181876,0.9962489853660332,0.9960860158835428,0.995923364814262,1.0,1.0,1.0,1.0,1.0,1.0,1.0,1.0,1.0,1.0,1.0,1.0,1.0,1.0,1.0,1.0,0.9974208000000001,0.9971631999999999,0.9969056999999999,0.9966484,0.996391,0.9961336999999999,0.9958766,0.9956193000000001,0.9953622999999999,0.9951051,0.9948488000000001,0.9945914,0.9943344999999999,0.9940777,0.9938210999999999,0.9935645000000001
97,347.0,1.0,1.0,1.0,1.0,1.0,1.0,1.0,1.0,1.0,1.0,1.0,1.0,1.0,1.0,1.0,1.0,0.9976726554153617,0.9974401505206334,0.9972077315346204,0.9969753982875472,0.9967431508430116,0.9965108899438812,0.996278814714389,0.9960466254773136,0.995814622784692,0.9955826058335484,0.9953511813239271,0.9951186320871358,0.9948869756480564,0.9946550045658794,0.9944233211945482,0.9941916238881768,1.0,1.0,1.0,1.0,1.0,1.0,1.0,1.0,1.0,1.0,1.0,1.0,1.0,1.0,1.0,1.0,0.9975316999999999,0.9972851999999999,0.9970388000000001,0.9967924000000001,0.9965459999999999,0.9962999,0.9960536,0.9958075000000001,0.9955613999999999,0.9953153,0.9950700000000001,0.9948235999999999,0.9945777,0.994332,0.9940863000000001,0.9938405999999999
98,348.0,1.0,1.0,1.0,1.0,1.0,1.0,1.0,1.0,1.0,1.0,1.0,1.0,1.0,1.0,1.0,1.0,0.9983873899043009,0.9982262696384988,0.9980651717781855,0.9979039957000512,0.9977430421419876,0.9975820110939242,0.997421102387626,0.9972602159253101,0.9970993523058592,0.9969382096407668,0.996777794212932,0.9966164941962872,0.996455620151863,0.9962948694626548,0.9961340410983568,0.9959734360669541,1.0,1.0,1.0,1.0,1.0,1.0,1.0,1.0,1.0,1.0,1.0,1.0,1.0,1.0,1.0,1.0,0.9975753,0.9973331,0.9970911,0.9968491,0.996607,0.9963652,0.9961233,0.9958814,0.9956396999999999,0.995398,0.9951568000000001,0.9949148000000001,0.9946733,0.9944318999999999,0.9941905999999999,0.9939492
99,349.0,1.0,1.0,1.0,1.0,1.0,1.0,1.0,1.0,1.0,1.0,1.0,1.0,1.0,1.0,1.0,1.0,0.999339347178772,0.9992733004134176,0.9992074211538512,0.9991413083074384,0.9990752626795888,0.9990092845197344,0.9989433736000628,0.9988772290092288,0.998811252180183,0.9987452424109672,0.9986794012320764,0.9986132241417824,0.9985474170398256,0.9984812752299408,0.9984152011913808,0.9983493956068948,1.0,1.0,1.0,1.0,1.0,1.0,1.0,1.0,1.0,1.0,1.0,1.0,1.0,1.0,1.0,1.0,0.9974982,0.9972484,0.9969985999999998,0.9967488999999999,0.9964992,0.9962496999999999,0.9960001,0.9957507,0.9955013,0.995252,0.9950032,0.9947534,0.9945043,0.9942552,0.9940063,0.9937572
100,350.0,1.0,1.0,1.0,1.0,1.0,1.0,1.0,1.0,1.0,1.0,1.0,1.0,1.0,1.0,1.0,1.0,0.9994083271341636,0.9993490598104176,0.9992898672183036,0.9992308496864684,0.9991717064221841,0.9991124376112964,0.9990534440367976,0.9989943248607712,0.998935079930744,0.9988761105976256,0.998817016245614,0.9987577947974646,0.9986986490345268,0.9986395781556672,0.9985803815831374,0.9985213605935712,1.0,1.0,1.0,1.0,1.0,1.0,1.0,1.0,1.0,1.0,1.0,1.0,1.0,1.0,1.0,1.0,0.9978486999999999,0.9976339,0.9974190999999999,0.9972042999999999,0.9969895000000001,0.996775,0.9965601999999999,0.9963456,0.9961310999999999,0.9959165000000001,0.9957026,0.9954877000000001,0.9952734000000001,0.995059,0.9948448000000001,0.9946306
101,351.0,1.0,1.0,1.0,1.0,1.0,1.0,1.0,1.0,1.0,1.0,1.0,1.0,1.0,1.0,1.0,1.0,1.0,1.0,1.0,1.0,1.0,1.0,1.0,1.0,1.0,1.0,1.0,1.0,1.0,1.0,1.0,1.0,1.0,1.0,1.0,1.0,1.0,1.0,1.0,1.0,1.0,1.0,1.0,1.0,1.0,1.0,1.0,1.0,0.9975488000000001,0.9973040000000001,0.9970593000000001,0.9968146999999999,0.9965700000000001,0.9963255,0.996081,0.9958366,0.9955921999999998,0.995348,0.9951042,0.9948594000000001,0.9946154,0.9943711999999999,0.9941273000000002,0.9938833
102,352.0,1.0,1.0,1.0,1.0,1.0,1.0,1.0,1.0,1.0,1.0,1.0,1.0,1.0,1.0,1.0,1.0,1.0,1.0,1.0,1.0,1.0,1.0,1.0,1.0,1.0,1.0,1.0,1.0,1.0,1.0,1.0,1.0,1.0,1.0,1.0,1.0,1.0,1.0,1.0,1.0,1.0,1.0,1.0,1.0,1.0,1.0,1.0,1.0,0.9977091999999999,0.9974803,0.9972516,0.9970228999999999,0.9967942,0.9965658000000002,0.9963371999999999,0.9961087,0.9958802,0.9956518,0.9954242,0.9951953000000001,0.994967,0.9947388,0.9945107,0.9942827
103,353.0,1.0,1.0,1.0,1.0,1.0,1.0,1.0,1.0,1.0,1.0,1.0,1.0,1.0,1.0,1.0,1.0,1.0,1.0,1.0,1.0,1.0,1.0,1.0,1.0,1.0,1.0,1.0,1.0,1.0,1.0,1.0,1.0,1.0,1.0,1.0,1.0,1.0,1.0,1.0,1.0,1.0,1.0,1.0,1.0,1.0,1.0,1.0,1.0,0.9978741,0.9976617,0.9974493000000001,0.9972370999999999,0.9970247999999999,0.9968128,0.9966006,0.9963885,0.9961764999999999,0.9959645,0.9957529,0.9955407,0.9953288,0.9951169,0.9949051999999999,0.9946934999999999
104,354.0,1.0,1.0,1.0,1.0,1.0,1.0,1.0,1.0,1.0,1.0,1.0,1.0,1.0,1.0,1.0,1.0,1.0,1.0,1.0,1.0,1.0,1.0,1.0,1.0,1.0,1.0,1.0,1.0,1.0,1.0,1.0,1.0,1.0,1.0,1.0,1.0,1.0,1.0,1.0,1.0,1.0,1.0,1.0,1.0,1.0,1.0,1.0,1.0,0.997317,0.997049,0.9967812,0.9965135,0.9962457,0.9959781999999999,0.9957104999999999,0.9954431,0.9951757999999999,0.9949083000000001,0.9946417,0.994374,0.9941068999999999,0.9938396999999999,0.9935729,0.9933059999999999
105,355.0,1.0,1.0,1.0,1.0,1.0,1.0,1.0,1.0,1.0,1.0,1.0,1.0,1.0,1.0,1.0,1.0,1.0,1.0,1.0,1.0,1.0,1.0,1.0,1.0,1.0,1.0,1.0,1.0,1.0,1.0,1.0,1.0,1.0,1.0,1.0,1.0,1.0,1.0,1.0,1.0,1.0,1.0,1.0,1.0,1.0,1.0,1.0,1.0,0.9971641,0.9968809000000001,0.996598,0.9963151,0.9960319999999999,0.9957493000000001,0.9954665,0.9951839,0.9949011999999999,0.9946187,0.994337,0.9940540000000001,0.9937718000000001,0.9934896000000001,0.9932075,0.9929254999999999
106,356.0,1.0,1.0,1.0,1.0,1.0,1.0,1.0,1.0,1.0,1.0,1.0,1.0,1.0,1.0,1.0,1.0,1.0,1.0,1.0,1.0,1.0,1.0,1.0,1.0,1.0,1.0,1.0,1.0,1.0,1.0,1.0,1.0,1.0,1.0,1.0,1.0,1.0,1.0,1.0,1.0,1.0,1.0,1.0,1.0,1.0,1.0,1.0,1.0,0.997292,0.9970216999999999,0.9967514999999999,0.9964812,0.9962110000000001,0.995941,0.9956709,0.9954011,0.9951312,0.9948613000000002,0.9945921999999998,0.9943219000000001,0.9940525,0.9937828000000002,0.9935135,0.9932440999999999
107,357.0,1.0,1.0,1.0,1.0,1.0,1.0,1.0,1.0,1.0,1.0,1.0,1.0,1.0,1.0,1.0,1.0,1.0,1.0,1.0,1.0,1.0,1.0,1.0,1.0,1.0,1.0,1.0,1.0,1.0,1.0,1.0,1.0,1.0,1.0,1.0,1.0,1.0,1.0,1.0,1.0,1.0,1.0,1.0,1.0,1.0,1.0,1.0,1.0,0.9963584999999999,0.9959950999999999,0.9956318999999999,0.9952687,0.9949056999999999,0.9945428,0.99418,0.9938174000000001,0.993455,0.9930926,0.9927312,0.9923683000000001,0.9920063,0.9916444,0.9912828000000001,0.9909213
108,358.0,1.0,1.0,1.0,1.0,1.0,1.0,1.0,1.0,1.0,1.0,1.0,1.0,1.0,1.0,1.0,1.0,1.0,1.0,1.0,1.0,1.0,1.0,1.0,1.0,1.0,1.0,1.0,1.0,1.0,1.0,1.0,1.0,1.0,1.0,1.0,1.0,1.0,1.0,1.0,1.0,1.0,1.0,1.0,1.0,1.0,1.0,1.0,1.0,0.9958901,0.9954799999999999,0.9950701,0.9946603999999999,0.9942508,0.9938414000000001,0.9934323,0.9930232,0.9926143,0.9922055000000001,0.9917978999999999,0.9913886999999999,0.9909805,0.9905723,0.9901645,0.9897568999999999
109,359.0,1.0,1.0,1.0,1.0,1.0,1.0,1.0,1.0,1.0,1.0,1.0,1.0,1.0,1.0,1.0,1.0,1.0,1.0,1.0,1.0,1.0,1.0,1.0,1.0,1.0,1.0,1.0,1.0,1.0,1.0,1.0,1.0,1.0,1.0,1.0,1.0,1.0,1.0,1.0,1.0,1.0,1.0,1.0,1.0,1.0,1.0,1.0,1.0,0.9953744000000001,0.9949129000000001,0.9944518,0.9939908000000002,0.9935299999999999,0.9930694999999999,0.9926093,0.9921492000000001,0.9916891,0.9912295,0.9907710999999999,0.990311,0.9898518,0.9893929,0.9889344000000001,0.988476
110,360.0,1.0,1.0,1.0,1.0,1.0,1.0,1.0,1.0,1.0,1.0,1.0,1.0,1.0,1.0,1.0,1.0,1.0,1.0,1.0,1.0,1.0,1.0,1.0,1.0,1.0,1.0,1.0,1.0,1.0,1.0,1.0,1.0,1.0,1.0,1.0,1.0,1.0,1.0,1.0,1.0,1.0,1.0,1.0,1.0,1.0,1.0,1.0,1.0,0.9947679,0.9942462,0.9937248,0.9932036,0.9926826999999999,0.9921622,0.9916418,0.9911216999999999,0.9906020000000001,0.9900825000000001,0.9895645000000001,0.9890441999999999,0.9885255,0.9880071,0.987489,0.9869711999999999
111,361.0,1.0,1.0,1.0,1.0,1.0,1.0,1.0,1.0,1.0,1.0,1.0,1.0,1.0,1.0,1.0,1.0,1.0,1.0,1.0,1.0,1.0,1.0,1.0,1.0,1.0,1.0,1.0,1.0,1.0,1.0,1.0,1.0,1.0,1.0,1.0,1.0,1.0,1.0,1.0,1.0,1.0,1.0,1.0,1.0,1.0,1.0,1.0,1.0,0.9943377,0.9937732,0.9932091000000001,0.9926453000000002,0.9920817,0.9915185999999999,0.9909556999999999,0.9903931999999999,0.9898309000000001,0.9892690000000001,0.9887087,0.9881462,0.9875851999999999,0.9870245000000001,0.9864643,0.9859043
112,362.0,1.0,1.0,1.0,1.0,1.0,1.0,1.0,1.0,1.0,1.0,1.0,1.0,1.0,1.0,1.0,1.0,1.0,1.0,1.0,1.0,1.0,1.0,1.0,1.0,1.0,1.0,1.0,1.0,1.0,1.0,1.0,1.0,1.0,1.0,1.0,1.0,1.0,1.0,1.0,1.0,1.0,1.0,1.0,1.0,1.0,1.0,1.0,1.0,0.9951798000000001,0.994699,0.9942184999999999,0.9937383,0.9932582,0.9927785,0.9922988000000001,0.9918193999999999,0.9913405000000001,0.9908611999999999,0.9903839,0.9899044,0.9894261999999999,0.9889483,0.9884704,0.9879929000000001
113,363.0,1.0,1.0,1.0,1.0,1.0,1.0,1.0,1.0,1.0,1.0,1.0,1.0,1.0,1.0,1.0,1.0,1.0,1.0,1.0,1.0,1.0,1.0,1.0,1.0,1.0,1.0,1.0,1.0,1.0,1.0,1.0,1.0,1.0,1.0,1.0,1.0,1.0,1.0,1.0,1.0,1.0,1.0,1.0,1.0,1.0,1.0,1.0,1.0,0.9959667,0.9955642,0.9951620000000001,0.9947599,0.9943579,0.9939561,0.9935545,0.9931530999999999,0.9927517,0.9923506,0.9919505,0.9915488000000001,0.9911481,0.9907476000000001,0.9903474,0.9899472
114,364.0,1.0,1.0,1.0,1.0,1.0,1.0,1.0,1.0,1.0,1.0,1.0,1.0,1.0,1.0,1.0,1.0,1.0,1.0,1.0,1.0,1.0,1.0,1.0,1.0,1.0,1.0,1.0,1.0,1.0,1.0,1.0,1.0,1.0,1.0,1.0,1.0,1.0,1.0,1.0,1.0,1.0,1.0,1.0,1.0,1.0,1.0,1.0,1.0,0.9967232,0.996396,0.9960690999999999,0.9957421000000001,0.9954153,0.9950886,0.9947621999999999,0.9944358,0.9941094000000001,0.9937829,0.9934576999999999,0.993131,0.9928049999999999,0.9924791999999999,0.9921535,0.9918278
115,365.0,1.0,1.0,1.0,1.0,1.0,1.0,1.0,1.0,1.0,1.0,1.0,1.0,1.0,1.0,1.0,1.0,1.0,1.0,1.0,1.0,1.0,1.0,1.0,1.0,1.0,1.0,1.0,1.0,1.0,1.0,1.0,1.0,1.0,1.0,1.0,1.0,1.0,1.0,1.0,1.0,1.0,1.0,1.0,1.0,1.0,1.0,1.0,1.0,0.9966403,0.9963049999999999,0.9959698,0.9956347,0.9952996,0.9949648000000001,0.9946299999999999,0.9942953000000001,0.9939608,0.9936261999999999,0.9932928,0.9929578000000001,0.9926236999999999,0.9922896000000001,0.9919556999999999,0.9916221
116,366.0,1.0,1.0,1.0,1.0,1.0,1.0,1.0,1.0,1.0,1.0,1.0,1.0,1.0,1.0,1.0,1.0,1.0,1.0,1.0,1.0,1.0,1.0,1.0,1.0,1.0,1.0,1.0,1.0,1.0,1.0,1.0,1.0,1.0,1.0,1.0,1.0,1.0,1.0,1.0,1.0,1.0,1.0,1.0,1.0,1.0,1.0,1.0,1.0,0.9970458000000001,0.9967509,0.9964559999999999,0.9961612,0.9958665000000001,0.9955719999999999,0.9952774,0.994983,0.9946886999999999,0.9943945,0.994101,0.9938063,0.9935122999999999,0.9932181999999999,0.9929245000000001,0.9926309999999999
117,367.0,1.0,1.0,1.0,1.0,1.0,1.0,1.0,1.0,1.0,1.0,1.0,1.0,1.0,1.0,1.0,1.0,1.0,1.0,1.0,1.0,1.0,1.0,1.0,1.0,1.0,1.0,1.0,1.0,1.0,1.0,1.0,1.0,1.0,1.0,1.0,1.0,1.0,1.0,1.0,1.0,1.0,1.0,1.0,1.0,1.0,1.0,1.0,1.0,0.997172,0.9968895000000001,0.9966074,0.9963252,0.9960429,0.995761,0.9954790000000001,0.9951972,0.9949153000000001,0.9946335999999999,0.9943526,0.9940704,0.9937889000000001,0.9935075000000001,0.9932261999999998,0.9929449
118,368.0,1.0,1.0,1.0,1.0,1.0,1.0,1.0,1.0,1.0,1.0,1.0,1.0,1.0,1.0,1.0,1.0,1.0,1.0,1.0,1.0,1.0,1.0,1.0,1.0,1.0,1.0,1.0,1.0,1.0,1.0,1.0,1.0,1.0,1.0,1.0,1.0,1.0,1.0,1.0,1.0,1.0,1.0,1.0,1.0,1.0,1.0,1.0,1.0,0.997099,0.9968093000000001,0.9965199,0.9962303,0.9959409,0.9956517,0.9953624,0.9950733,0.9947841000000001,0.9944951999999999,0.994207,0.9939176,0.9936290000000001,0.9933402,0.9930515999999999,0.9927632
119,369.0,1.0,1.0,1.0,1.0,1.0,1.0,1.0,1.0,1.0,1.0,1.0,1.0,1.0,1.0,1.0,1.0,1.0,1.0,1.0,1.0,1.0,1.0,1.0,1.0,1.0,1.0,1.0,1.0,1.0,1.0,1.0,1.0,1.0,1.0,1.0,1.0,1.0,1.0,1.0,1.0,1.0,1.0,1.0,1.0,1.0,1.0,1.0,1.0,0.9972184999999999,0.9969408000000001,0.9966632,0.9963856,0.9961081,0.9958306999999998,0.9955535,0.995276,0.994999,0.9947218000000001,0.9944453999999999,0.9941679,0.9938908000000001,0.9936141,0.9933375,0.9930608
120,370.0,1.0,1.0,1.0,1.0,1.0,1.0,1.0,1.0,1.0,1.0,1.0,1.0,1.0,1.0,1.0,1.0,1.0,1.0,1.0,1.0,1.0,1.0,1.0,1.0,1.0,1.0,1.0,1.0,1.0,1.0,1.0,1.0,1.0,1.0,1.0,1.0,1.0,1.0,1.0,1.0,1.0,1.0,1.0,1.0,1.0,1.0,1.0,1.0,0.9971601000000001,0.9968764000000001,0.9965931,0.9963097,0.9960263,0.9957431999999999,0.99546,0.9951769,0.9948940000000001,0.994611,0.9943287000000001,0.9940455,0.9937627,0.9934801999999999,0.9931976999999999,0.9929153000000001
121,371.0,1.0,1.0,1.0,1.0,1.0,1.0,1.0,1.0,1.0,1.0,1.0,1.0,1.0,1.0,1.0,1.0,1.0,1.0,1.0,1.0,1.0,1.0,1.0,1.0,1.0,1.0,1.0,1.0,1.0,1.0,1.0,1.0,1.0,1.0,1.0,1.0,1.0,1.0,1.0,1.0,1.0,1.0,1.0,1.0,1.0,1.0,1.0,1.0,0.9973408000000001,0.9970753000000001,0.9968098,0.9965444999999999,0.9962790000000001,0.9960138000000001,0.9957488000000001,0.9954835999999999,0.9952184999999999,0.9949534999999999,0.9946893,0.9944238999999999,0.9941589,0.9938945,0.9936298000000001,0.9933652000000001
122,372.0,1.0,1.0,1.0,1.0,1.0,1.0,1.0,1.0,1.0,1.0,1.0,1.0,1.0,1.0,1.0,1.0,1.0,1.0,1.0,1.0,1.0,1.0,1.0,1.0,1.0,1.0,1.0,1.0,1.0,1.0,1.0,1.0,1.0,1.0,1.0,1.0,1.0,1.0,1.0,1.0,1.0,1.0,1.0,1.0,1.0,1.0,1.0,1.0,0.9967735999999999,0.9964514999999999,0.9961296000000001,0.9958075999999999,0.9954859,0.9951641999999999,0.9948428,0.9945212999999999,0.9942001,0.9938785,0.9935583,0.9932366,0.9929155999999999,0.9925948,0.9922741,0.9919534999999999
123,373.0,1.0,1.0,1.0,1.0,1.0,1.0,1.0,1.0,1.0,1.0,1.0,1.0,1.0,1.0,1.0,1.0,1.0,1.0,1.0,1.0,1.0,1.0,1.0,1.0,1.0,1.0,1.0,1.0,1.0,1.0,1.0,1.0,1.0,1.0,1.0,1.0,1.0,1.0,1.0,1.0,1.0,1.0,1.0,1.0,1.0,1.0,1.0,1.0,0.9970315000000001,0.996735,0.9964386999999999,0.9961424999999999,0.9958463,0.9955504999999999,0.9952545,0.9949585999999999,0.9946629000000001,0.9943668999999999,0.9940722,0.9937761,0.9934806999999999,0.9931853,0.9928901,0.9925950000000001
124,374.0,1.0,1.0,1.0,1.0,1.0,1.0,1.0,1.0,1.0,1.0,1.0,1.0,1.0,1.0,1.0,1.0,1.0,1.0,1.0,1.0,1.0,1.0,1.0,1.0,1.0,1.0,1.0,1.0,1.0,1.0,1.0,1.0,1.0,1.0,1.0,1.0,1.0,1.0,1.0,1.0,1.0,1.0,1.0,1.0,1.0,1.0,1.0,1.0,0.9970882999999999,0.9967976000000001,0.9965069999999999,0.9962165000000001,0.995926,0.9956357,0.9953453999999999,0.9950553,0.9947651,0.994475,0.9941859000000001,0.9938954,0.9936056999999999,0.9933158999999999,0.9930263,0.9927368000000001
125,375.0,1.0,1.0,1.0,1.0,1.0,1.0,1.0,1.0,1.0,1.0,1.0,1.0,1.0,1.0,1.0,1.0,1.0,1.0,1.0,1.0,1.0,1.0,1.0,1.0,1.0,1.0,1.0,1.0,1.0,1.0,1.0,1.0,1.0,1.0,1.0,1.0,1.0,1.0,1.0,1.0,1.0,1.0,1.0,1.0,1.0,1.0,1.0,1.0,0.997182,0.9969004000000001,0.9966193000000001,0.9963380999999999,0.9960568999999999,0.9957759,0.995495,0.9952139999999999,0.9949333,0.9946526,0.9943724,0.9940913,0.9938109,0.9935304,0.99325,0.9929698
126,376.0,1.0,1.0,1.0,1.0,1.0,1.0,1.0,1.0,1.0,1.0,1.0,1.0,1.0,1.0,1.0,1.0,1.0,1.0,1.0,1.0,1.0,1.0,1.0,1.0,1.0,1.0,1.0,1.0,1.0,1.0,1.0,1.0,1.0,1.0,1.0,1.0,1.0,1.0,1.0,1.0,1.0,1.0,1.0,1.0,1.0,1.0,1.0,1.0,0.9966064,0.9962675999999999,0.9959290999999999,0.9955905999999999,0.9952521000000001,0.9949139000000001,0.9945758,0.9942377,0.9938999,0.9935620000000001,0.9932251,0.9928868000000001,0.9925491,0.9922119,0.9918746999999999,0.9915376
127,377.0,1.0,1.0,1.0,1.0,1.0,1.0,1.0,1.0,1.0,1.0,1.0,1.0,1.0,1.0,1.0,1.0,1.0,1.0,1.0,1.0,1.0,1.0,1.0,1.0,1.0,1.0,1.0,1.0,1.0,1.0,1.0,1.0,1.0,1.0,1.0,1.0,1.0,1.0,1.0,1.0,1.0,1.0,1.0,1.0,1.0,1.0,1.0,1.0,0.9965376,0.9961919,0.9958465,0.9955011999999999,0.9951559000000001,0.9948109,0.9944658000000002,0.9941211,0.9937764000000001,0.9934315999999999,0.9930879000000001,0.9927425,0.9923985999999999,0.9920543,0.9917103999999999,0.9913664000000001
128,378.0,1.0,1.0,1.0,1.0,1.0,1.0,1.0,1.0,1.0,1.0,1.0,1.0,1.0,1.0,1.0,1.0,1.0,1.0,1.0,1.0,1.0,1.0,1.0,1.0,1.0,1.0,1.0,1.0,1.0,1.0,1.0,1.0,1.0,1.0,1.0,1.0,1.0,1.0,1.0,1.0,1.0,1.0,1.0,1.0,1.0,1.0,1.0,1.0,0.9964003,0.996041,0.9956818999999999,0.9953231,0.9949640999999999,0.9946054,0.9942466999999999,0.9938883,0.9935299000000001,0.9931716,0.9928144,0.9924556000000001,0.9920979,0.9917401,0.9913824,0.991025
129,379.0,1.0,1.0,1.0,1.0,1.0,1.0,1.0,1.0,1.0,1.0,1.0,1.0,1.0,1.0,1.0,1.0,1.0,1.0,1.0,1.0,1.0,1.0,1.0,1.0,1.0,1.0,1.0,1.0,1.0,1.0,1.0,1.0,1.0,1.0,1.0,1.0,1.0,1.0,1.0,1.0,1.0,1.0,1.0,1.0,1.0,1.0,1.0,1.0,0.9957455,0.9953211,0.9948969000000001,0.9944728999999999,0.9940489,0.9936252,0.9932017,0.9927783000000001,0.9923552,0.9919321,0.9915103000000001,0.9910867,0.9906642,0.9902419,0.9898199000000001,0.9893978999999999
130,380.0,1.0,1.0,1.0,1.0,1.0,1.0,1.0,1.0,1.0,1.0,1.0,1.0,1.0,1.0,1.0,1.0,1.0,1.0,1.0,1.0,1.0,1.0,1.0,1.0,1.0,1.0,1.0,1.0,1.0,1.0,1.0,1.0,1.0,1.0,1.0,1.0,1.0,1.0,1.0,1.0,1.0,1.0,1.0,1.0,1.0,1.0,1.0,1.0,0.9949696,0.994468,0.9939665999999999,0.9934655000000001,0.9929646000000001,0.9924639000000001,0.9919636999999999,0.9914634,0.9909636000000001,0.9904639000000001,0.9899657,0.9894655000000001,0.9889665999999999,0.9884679,0.9879696,0.9874716
131,381.0,1.0,1.0,1.0,1.0,1.0,1.0,1.0,1.0,1.0,1.0,1.0,1.0,1.0,1.0,1.0,1.0,1.0,1.0,1.0,1.0,1.0,1.0,1.0,1.0,1.0,1.0,1.0,1.0,1.0,1.0,1.0,1.0,1.0,1.0,1.0,1.0,1.0,1.0,1.0,1.0,1.0,1.0,1.0,1.0,1.0,1.0,1.0,1.0,0.9952460999999999,0.9947719,0.9942979999999999,0.9938243,0.9933508,0.9928776,0.9924046000000001,0.9919318000000001,0.9914593,0.9909868000000001,0.9905156999999999,0.9900429000000001,0.9895712,0.9890996999999999,0.9886285,0.9881575999999999
132,382.0,1.0,1.0,1.0,1.0,1.0,1.0,1.0,1.0,1.0,1.0,1.0,1.0,1.0,1.0,1.0,1.0,1.0,1.0,1.0,1.0,1.0,1.0,1.0,1.0,1.0,1.0,1.0,1.0,1.0,1.0,1.0,1.0,1.0,1.0,1.0,1.0,1.0,1.0,1.0,1.0,1.0,1.0,1.0,1.0,1.0,1.0,1.0,1.0,0.9958636000000001,0.9954509,0.9950384,0.994626,0.9942139000000001,0.9938019,0.99339,0.9929783999999999,0.9925669,0.9921554,0.9917453000000002,0.9913332,0.9909226999999999,0.9905118,0.9901015,0.9896912
133,383.0,1.0,1.0,1.0,1.0,1.0,1.0,1.0,1.0,1.0,1.0,1.0,1.0,1.0,1.0,1.0,1.0,1.0,1.0,1.0,1.0,1.0,1.0,1.0,1.0,1.0,1.0,1.0,1.0,1.0,1.0,1.0,1.0,1.0,1.0,1.0,1.0,1.0,1.0,1.0,1.0,1.0,1.0,1.0,1.0,1.0,1.0,1.0,1.0,0.9965661,0.9962233,0.9958808000000001,0.9955381999999999,0.9951958000000001,0.9948536,0.9945113999999999,0.9941694,0.9938273999999999,0.9934856,0.9931446,0.9928023000000001,0.992461,0.9921196,0.9917783000000001,0.9914373
134,384.0,1.0,1.0,1.0,1.0,1.0,1.0,1.0,1.0,1.0,1.0,1.0,1.0,1.0,1.0,1.0,1.0,1.0,1.0,1.0,1.0,1.0,1.0,1.0,1.0,1.0,1.0,1.0,1.0,1.0,1.0,1.0,1.0,1.0,1.0,1.0,1.0,1.0,1.0,1.0,1.0,1.0,1.0,1.0,1.0,1.0,1.0,1.0,1.0,0.9966043,0.9962654000000001,0.9959266,0.9955879000000001,0.9952493,0.9949109,0.9945725000000001,0.9942343000000001,0.9938962,0.9935579999999999,0.9932209999999999,0.9928824,0.9925447000000001,0.9922072000000001,0.9918698,0.9915324000000001
135,385.0,1.0,1.0,1.0,1.0,1.0,1.0,1.0,1.0,1.0,1.0,1.0,1.0,1.0,1.0,1.0,1.0,1.0,1.0,1.0,1.0,1.0,1.0,1.0,1.0,1.0,1.0,1.0,1.0,1.0,1.0,1.0,1.0,1.0,1.0,1.0,1.0,1.0,1.0,1.0,1.0,1.0,1.0,1.0,1.0,1.0,1.0,1.0,1.0,0.9967671999999999,0.9964445,0.9961221,0.9957994000000001,0.9954771000000001,0.9951546999999998,0.9948326,0.9945105,0.9941885,0.9938667,0.9935456,0.9932232,0.9929018000000001,0.9925801999999999,0.9922588999999999,0.9919377
136,386.0,1.0,1.0,1.0,1.0,1.0,1.0,1.0,1.0,1.0,1.0,1.0,1.0,1.0,1.0,1.0,1.0,1.0,1.0,1.0,1.0,1.0,1.0,1.0,1.0,1.0,1.0,1.0,1.0,1.0,1.0,1.0,1.0,1.0,1.0,1.0,1.0,1.0,1.0,1.0,1.0,1.0,1.0,1.0,1.0,1.0,1.0,1.0,1.0,0.9969049999999999,0.9965959999999999,0.9962870999999999,0.9959783999999999,0.9956697,0.9953610999999999,0.9950526,0.9947441999999999,0.9944360000000001,0.9941277000000001,0.9938203000000001,0.9935116,0.9932035,0.9928958000000001,0.9925881,0.9922805
137,387.0,1.0,1.0,1.0,1.0,1.0,1.0,1.0,1.0,1.0,1.0,1.0,1.0,1.0,1.0,1.0,1.0,1.0,1.0,1.0,1.0,1.0,1.0,1.0,1.0,1.0,1.0,1.0,1.0,1.0,1.0,1.0,1.0,1.0,1.0,1.0,1.0,1.0,1.0,1.0,1.0,1.0,1.0,1.0,1.0,1.0,1.0,1.0,1.0,0.9968633,0.9965502,0.9962371999999999,0.9959242,0.9956113999999999,0.9952986999999999,0.9949860999999999,0.9946734,0.9943612,0.9940488000000001,0.9937372,0.9934244000000001,0.9931123,0.9928002,0.9924886,0.9921768
138,388.0,1.0,1.0,1.0,1.0,1.0,1.0,1.0,1.0,1.0,1.0,1.0,1.0,1.0,1.0,1.0,1.0,1.0,1.0,1.0,1.0,1.0,1.0,1.0,1.0,1.0,1.0,1.0,1.0,1.0,1.0,1.0,1.0,1.0,1.0,1.0,1.0,1.0,1.0,1.0,1.0,1.0,1.0,1.0,1.0,1.0,1.0,1.0,1.0,0.9967891999999999,0.9964685,0.9961483,0.9958279000000001,0.9955076999999999,0.9951877,0.9948676,0.9945478000000001,0.9942281,0.9939082,0.9935894000000001,0.9932692,0.9929498,0.9926305000000001,0.9923113000000001,0.9919923
139,389.0,1.0,1.0,1.0,1.0,1.0,1.0,1.0,1.0,1.0,1.0,1.0,1.0,1.0,1.0,1.0,1.0,1.0,1.0,1.0,1.0,1.0,1.0,1.0,1.0,1.0,1.0,1.0,1.0,1.0,1.0,1.0,1.0,1.0,1.0,1.0,1.0,1.0,1.0,1.0,1.0,1.0,1.0,1.0,1.0,1.0,1.0,1.0,1.0,0.9967719,0.9964495999999999,0.9961276,0.9958056000000001,0.9954835999999999,0.9951618,0.9948401,0.9945184000000001,0.9941969,0.9938753,0.9935549000000001,0.993233,0.9929120000000001,0.9925908999999999,0.9922700999999999,0.9919493
140,390.0,1.0,1.0,1.0,1.0,1.0,1.0,1.0,1.0,1.0,1.0,1.0,1.0,1.0,1.0,1.0,1.0,1.0,1.0,1.0,1.0,1.0,1.0,1.0,1.0,1.0,1.0,1.0,1.0,1.0,1.0,1.0,1.0,1.0,1.0,1.0,1.0,1.0,1.0,1.0,1.0,1.0,1.0,1.0,1.0,1.0,1.0,1.0,1.0,0.9967630999999999,0.9964398999999999,0.9961171,0.9957942,0.9954712,0.9951486999999999,0.9948261,0.9945036,0.9941812,0.9938587,0.9935374,0.9932145,0.9928927,0.9925708000000001,0.9922491,0.9919273999999999
141,391.0,1.0,1.0,1.0,1.0,1.0,1.0,1.0,1.0,1.0,1.0,1.0,1.0,1.0,1.0,1.0,1.0,1.0,1.0,1.0,1.0,1.0,1.0,1.0,1.0,1.0,1.0,1.0,1.0,1.0,1.0,1.0,1.0,1.0,1.0,1.0,1.0,1.0,1.0,1.0,1.0,1.0,1.0,1.0,1.0,1.0,1.0,1.0,1.0,0.9968388000000001,0.9965233,0.9962078000000001,0.9958924000000001,0.9955771000000001,0.9952619,0.9949469000000001,0.9946318999999999,0.9943171000000001,0.9940022,0.9936881999999999,0.993373,0.9930587,0.9927441999999999,0.9924299000000001,0.9921156999999999
142,392.0,1.0,1.0,1.0,1.0,1.0,1.0,1.0,1.0,1.0,1.0,1.0,1.0,1.0,1.0,1.0,1.0,1.0,1.0,1.0,1.0,1.0,1.0,1.0,1.0,1.0,1.0,1.0,1.0,1.0,1.0,1.0,1.0,1.0,1.0,1.0,1.0,1.0,1.0,1.0,1.0,1.0,1.0,1.0,1.0,1.0,1.0,1.0,1.0,0.9964511,0.9960969999999999,0.995743,0.995389,0.9950351999999999,0.9946815,0.9943280000000001,0.9939747,0.9936212999999999,0.993268,0.9929159,0.9925619000000001,0.9922094000000001,0.9918565999999999,0.9915040999999999,0.9911515999999999
143,393.0,1.0,1.0,1.0,1.0,1.0,1.0,1.0,1.0,1.0,1.0,1.0,1.0,1.0,1.0,1.0,1.0,1.0,1.0,1.0,1.0,1.0,1.0,1.0,1.0,1.0,1.0,1.0,1.0,1.0,1.0,1.0,1.0,1.0,1.0,1.0,1.0,1.0,1.0,1.0,1.0,1.0,1.0,1.0,1.0,1.0,1.0,1.0,1.0,0.9970121999999999,0.9967138000000001,0.9964156999999999,0.9961175999999999,0.9958196,0.9955216999999998,0.9952238000000001,0.994926,0.9946284,0.9943306999999999,0.9940339,0.9937359,0.9934385,0.9931414000000001,0.9928442,0.9925472
144,394.0,1.0,1.0,1.0,1.0,1.0,1.0,1.0,1.0,1.0,1.0,1.0,1.0,1.0,1.0,1.0,1.0,1.0,1.0,1.0,1.0,1.0,1.0,1.0,1.0,1.0,1.0,1.0,1.0,1.0,1.0,1.0,1.0,1.0,1.0,1.0,1.0,1.0,1.0,1.0,1.0,1.0,1.0,1.0,1.0,1.0,1.0,1.0,1.0,0.9970167999999999,0.9967189000000001,0.9964212,0.9961235999999999,0.9958259,0.9955286,0.9952312,0.994934,0.9946367,0.9943395,0.9940431999999999,0.9937456,0.9934487,0.993152,0.9928554,0.9925586999999999
145,395.0,1.0,1.0,1.0,1.0,1.0,1.0,1.0,1.0,1.0,1.0,1.0,1.0,1.0,1.0,1.0,1.0,1.0,1.0,1.0,1.0,1.0,1.0,1.0,1.0,1.0,1.0,1.0,1.0,1.0,1.0,1.0,1.0,1.0,1.0,1.0,1.0,1.0,1.0,1.0,1.0,1.0,1.0,1.0,1.0,1.0,1.0,1.0,1.0,0.9969435999999999,0.9966384,0.9963334,0.9960285,0.9957235999999999,0.9954188,0.9951141,0.9948096,0.9945052,0.9942006999999999,0.9938973,0.9935923000000001,0.9932882,0.9929841,0.9926803,0.9923764000000002
